{
    "best_model": "SVM",
    "auc": 0.7892952845366639,
    "accuracy": 0.5409836065573771,
    "precision": 0.2926632625638269,
    "recall": 0.5409836065573771,
    "f1": 0.37983955354028603,
    "best_params": {
        "svc__C": 0.1,
        "svc__gamma": "scale"
    }
}